{"bias": 157.17021338257106, "avaliacao": 24.034052795997976, "categoria": -9.058170324308813}